job_title,count,mean,median,min,max
President,1,24000.0,24000.0,24000,24000
Administration Vice President,2,17000.0,17000.0,17000,17000
Marketing Manager,1,13000.0,13000.0,13000,13000
Sales Manager,5,12200.0,12000.0,10500,14000
Finance Manager,1,12008.0,12008.0,12008,12008
Accounting Manager,1,12008.0,12008.0,12008,12008
Purchasing Manager,1,11000.0,11000.0,11000,11000
Public Relations Representative,1,10000.0,10000.0,10000,10000
Sales Representative,29,8396.55,8400.0,6100,11500
Public Accountant,1,8300.0,8300.0,8300,8300
Accountant,5,7920.0,7800.0,6900,9000
Stock Manager,5,7280.0,7900.0,5800,8200
Human Resources Representative,1,6500.0,6500.0,6500,6500
Marketing Representative,1,6000.0,6000.0,6000,6000
Programmer,5,5760.0,4800.0,4200,9000
Administration Assistant,1,4400.0,4400.0,4400,4400
Shipping Clerk,20,3215.0,3100.0,2500,4200
Stock Clerk,20,2785.0,2700.0,2100,3600
Purchasing Clerk,5,2780.0,2800.0,2500,3100
